"Scan","MS.GF.SpecEValue"
5707,4.108686983032e-37
5709,3.822033198041e-37
5714,6.00041315255051e-27
5716,6.26674953213828e-34
